City,Timestamp,Temperature,Celsius
London,1676559600000,281.4757188634907,8.32571886349075
London,1676570400000,280.2830848109378,7.133084810937817
London,1676581200000,286.48688741721855,13.336887417218577
London,1676592000000,276.88018799401834,3.7301879940183653
London,1676602800000,286.60364879299294,13.453648792992965
London,1676613600000,284.9602392651143,11.810239265114319
London,1676624400000,275.5681948301645,2.4181948301645093
London,1676635200000,278.28816064943385,5.138160649433871
London,1676646000000,277.5110275582141,4.3610275582141185
London,1676656800000,284.1517966246529,11.001796624652911
London,1676667600000,281.7629737235634,8.612973723563414
London,1676678400000,281.0775817133091,7.9275817133091095
London,1676689200000,277.4634479812006,4.313447981200625
London,1676700000000,276.442537919248,3.2925379192480477
London,1676710800000,280.40722922452466,7.257229224524679
London,1676721600000,275.58665242469556,2.4366524246955805
London,1676732400000,284.805742362743,11.655742362743013
London,1676743200000,281.2570989104892,8.107098910489242
London,1676754000000,284.6593121127964,11.509312112796408
London,1676764800000,277.19629139072845,4.04629139072847
London,1676775600000,278.5781499679556,5.428149967955619
London,1676786400000,285.47568468276006,12.325684682760084
London,1676797200000,284.5954625080111,11.445462508011133
London,1676808000000,280.2420679342021,7.092067934202134
London,1676818800000,284.41922666096985,11.269226660969878
London,1676829600000,275.0355223242897,1.8855223242896955
London,1676840400000,284.87615466780596,11.726154667805986
London,1676851200000,277.564486220893,4.414486220893025
London,1676862000000,285.091629993591,11.94162999359105
London,1676872800000,286.78166203802607,13.631662038026093
London,1676883600000,284.0915018158513,10.941501815851325
London,1676894400000,282.39654774620806,9.24654774620808
London,1676905200000,284.5130185857722,11.363018585772238
London,1676916000000,279.47368511001923,6.323685110019255
London,1676926800000,283.9468489638966,10.79684896389665
London,1676937600000,275.38484939115574,2.2348493911557625
London,1676948400000,285.1586242255928,12.008624225592825
London,1676959200000,276.55752189703054,3.4075218970305627
London,1676970000000,282.46176458021785,9.311764580217869
London,1676980800000,283.1590514847255,10.009051484725546
London,1676991600000,276.85954283272804,3.7095428327280615
London,1677002400000,276.57392864772487,3.4239286477248925
London,1677013200000,276.7356718649861,3.585671864986125
London,1677024000000,283.0246528519547,9.87465285195475
London,1677034800000,284.73437299722275,11.584372997222772
London,1677045600000,286.01232215338604,12.86232215338606
London,1677056400000,285.0795983764152,11.929598376415242
London,1677067200000,281.65824396496475,8.508243964964777
London,1677078000000,284.75378765221103,11.603787652211054
London,1677088800000,287.12169194616536,13.971691946165379
London,1677099600000,283.502772911771,10.352772911771012
London,1677110400000,286.2391454817347,13.089145481734704
London,1677121200000,276.07967528305915,2.9296752830591686
London,1677132000000,281.00867336039306,7.858673360393084
London,1677142800000,283.92784447767576,10.777844477675785
London,1677153600000,275.97699636829736,2.8269963682973867
London,1677164400000,280.4181670583208,7.2681670583208415
London,1677175200000,276.69233069856864,3.5423306985686622
London,1677186000000,283.9765178380688,10.82651783806881
London,1677196800000,278.25220252082886,5.102202520828882
London,1677207600000,281.68627216406753,8.536272164067555
London,1677218400000,277.9940696432386,4.84406964323864
London,1677229200000,279.8462550737022,6.696255073702218
London,1677240000000,288.0412903225806,14.89129032258063
London,1677250800000,275.0578081606494,1.907808160649438
London,1677261600000,276.2278829309977,3.0778829309977027
London,1677272400000,275.174296090579,2.024296090579014
London,1677283200000,279.8038709677419,6.653870967741909
London,1677294000000,283.4900576799829,10.34005767998292
London,1677304800000,275.6927494125187,2.542749412518731
London,1677315600000,278.1571800897244,5.007180089724443
London,1677326400000,280.44783593249304,7.297835932493058
London,1677337200000,282.87056611835084,9.72056611835086
London,1677348000000,279.2576628925443,6.10766289254434
London,1677358800000,283.9430207220679,10.793020722067922
London,1677369600000,282.9968980986969,9.846898098696897
London,1677380400000,284.6787267677846,11.528726767784633
London,1677391200000,282.8460927152318,9.696092715231828
London,1677402000000,279.2482290108951,6.098229010895125
London,1677412800000,281.4353856013672,8.285385601367238
Manchester,1676559600000,285.3479526596882,12.197952659688212
Manchester,1676570400000,283.9631900875882,10.813190087588225
Manchester,1676581200000,280.3871965819269,7.2371965819269235
Manchester,1676592000000,284.3879007049776,11.23790070497762
Manchester,1676602800000,282.4093067293314,9.2593067293314
Manchester,1676613600000,286.65930596026493,13.509305960264953
Manchester,1676624400000,281.84657705618457,8.696577056184594
Manchester,1676635200000,276.88370450758384,3.733704507583866
Manchester,1676646000000,274.11053159581286,0.9605315958128813
Manchester,1676656800000,275.78380687887204,2.6338068788720648
Manchester,1676667600000,283.33668737449267,10.186687374492692
Manchester,1676678400000,275.41614800256355,2.2661480025635683
Manchester,1676689200000,276.2935099337749,3.143509933774908
Manchester,1676700000000,276.69989967955564,3.549899679555665
Manchester,1676710800000,278.8615054902799,5.711505490279933
Manchester,1676721600000,285.06645656910916,11.916456569109187
Manchester,1676732400000,282.1743894039735,9.024389403973544
Manchester,1676743200000,275.53757983336897,2.3875798333689886
Manchester,1676754000000,274.59926135441145,1.449261354411476
Manchester,1676764800000,283.3347185644094,10.184718564409422
Manchester,1676775600000,278.1295839350566,4.97958393505661
Manchester,1676786400000,281.3805159581287,8.230515958128706
Manchester,1676797200000,284.0056781029694,10.85567810296942
Manchester,1676808000000,277.16154736167493,4.011547361674957
Manchester,1676818800000,275.6252684469131,2.4752684469131054
Manchester,1676829600000,284.71594821619317,11.565948216193192
Manchester,1676840400000,281.0160728049562,7.866072804956218
Manchester,1676851200000,282.8847907712028,9.734790771202825
Manchester,1676862000000,275.3359025849178,2.1859025849178124
Manchester,1676872800000,281.28462396923743,8.134623969237452
Manchester,1676883600000,284.54639538560144,11.396395385601465
Manchester,1676894400000,280.27610647297587,7.126106472975891
Manchester,1676905200000,283.05921640675075,9.909216406750772
Manchester,1676916000000,281.61125503097634,8.46125503097636
Manchester,1676926800000,276.0573347575304,2.907334757530407
Manchester,1676937600000,275.0379559923094,1.8879559923094007
Manchester,1676948400000,282.78153762016666,9.631537620166682
Manchester,1676959200000,277.24361392864773,4.0936139286477555
Manchester,1676970000000,283.8691903439436,10.719190343943637
Manchester,1676980800000,276.98210672933135,3.8321067293313718
Manchester,1676991600000,284.24520572527234,11.095205725272365
Manchester,1677002400000,276.5484872463149,3.3984872463149145
Manchester,1677013200000,278.1792526383251,5.029252638325147
Manchester,1677024000000,283.89351608630636,10.743516086306386
Manchester,1677034800000,281.2901147618031,8.140114761803147
Manchester,1677045600000,276.7907329203162,3.640732920316225
Manchester,1677056400000,274.44410271309545,1.2941027130954694
Manchester,1677067200000,279.0279738517411,5.877973851741103
Manchester,1677078000000,283.48752010254225,10.337520102542271
Manchester,1677088800000,283.87426002990816,10.72426002990818
Manchester,1677099600000,276.8071287331767,3.6571287331767053
Manchester,1677110400000,273.7615217261269,0.6115217261269095
Manchester,1677121200000,283.03971424909207,9.889714249092094
Manchester,1677132000000,275.9879396710105,2.837939671010531
Manchester,1677142800000,284.9656863063448,11.815686306344844
Manchester,1677153600000,275.85430121768854,2.704301217688567
Manchester,1677164400000,283.422915787225,10.272915787225031
Manchester,1677175200000,282.4301323648793,9.280132364879307
Manchester,1677186000000,276.8217362102115,3.6717362102115203
Manchester,1677196800000,276.112264558855,2.962264558854997
Manchester,1677207600000,274.8801668019654,1.7301668019654244
Manchester,1677218400000,280.8605532151249,7.710553215124946
Manchester,1677229200000,278.8592140140996,5.7092140140996435
Manchester,1677240000000,283.0733809015168,9.92338090151685
Manchester,1677250800000,281.2653843195899,8.115384319589907
Manchester,1677261600000,283.33468575090797,10.184685750907988
Manchester,1677272400000,281.66509104892117,8.515091048921192
Manchester,1677283200000,285.14563554795984,11.995635547959864
Manchester,1677294000000,284.6863230933561,11.536323093356145
Manchester,1677304800000,279.1362693441573,5.986269344157336
Manchester,1677315600000,281.7120362315745,8.562036231574496
Manchester,1677326400000,278.10603477889345,4.956034778893468
Manchester,1677337200000,280.08308105105755,6.93308105105757
Manchester,1677348000000,273.97188908352916,0.8218890835291859
Manchester,1677358800000,275.9569910702841,2.806991070284141
Manchester,1677369600000,283.8637597094638,10.71375970946383
Manchester,1677380400000,282.6252086306345,9.47520863063454
Manchester,1677391200000,281.7289351847896,8.5789351847896
Manchester,1677402000000,284.14212757957705,10.992127579577073
Manchester,1677412800000,284.0868587054048,10.936858705404802
Liverpool,1676559600000,279.36518726767787,6.215187267677891
Liverpool,1676570400000,278.68003042085024,5.530030420850267
Liverpool,1676581200000,276.1160490493484,2.9660490493484417
Liverpool,1676592000000,274.2403910275582,1.090391027558212
Liverpool,1676602800000,281.85597812433247,8.70597812433249
Liverpool,1676613600000,281.58406357615894,8.434063576158962
Liverpool,1676624400000,283.06671429181796,9.916714291817982
Liverpool,1676635200000,277.52181773125403,4.371817731254055
Liverpool,1676646000000,280.98592266609694,7.8359226660969625
Liverpool,1676656800000,282.80582508011105,9.655825080111072
Liverpool,1676667600000,283.84918504593037,10.699185045930392
Liverpool,1676678400000,283.6093511642811,10.459351164281145
Liverpool,1676689200000,275.32451629993585,2.174516299935874
Liverpool,1676700000000,283.261101474044,10.111101474044005
Liverpool,1676710800000,282.80722512283694,9.657225122836962
Liverpool,1676721600000,275.84106643879505,2.691066438795076
Liverpool,1676732400000,283.11360478530224,9.963604785302266
Liverpool,1676743200000,278.4051790643025,5.255179064302524
Liverpool,1676754000000,284.52941439863275,11.379414398632775
Liverpool,1676764800000,282.8834618243965,9.7334618243965
Liverpool,1676775600000,274.5953073274942,1.4453073274942199
Liverpool,1676786400000,282.9822195257423,9.832219525742346
Liverpool,1676797200000,284.3248222174749,11.174822217474912
Liverpool,1676808000000,275.31320657979063,2.1632065797906534
Liverpool,1676818800000,284.02527323221534,10.875273232215363
Liverpool,1676829600000,277.88092322153386,4.730923221533885
Liverpool,1676840400000,277.477005426191,4.327005426191022
Liverpool,1676851200000,275.7514363597521,2.6014363597521424
Liverpool,1676862000000,282.54231625720996,9.392316257209984
Liverpool,1676872800000,278.942002478103,5.792002478103029
Liverpool,1676883600000,277.2591347148045,4.109134714804497
Liverpool,1676894400000,284.45338551591544,11.303385515915465
Liverpool,1676905200000,275.82522298654135,2.675222986541371
Liverpool,1676916000000,283.58724580217904,10.437245802179064
Liverpool,1676926800000,281.3602317453536,8.21023174535361
Liverpool,1676937600000,276.24357872249516,3.093578722495181
Liverpool,1676948400000,284.78173381756034,11.63173381756036
Liverpool,1676959200000,284.5127013885922,11.3627013885922
Liverpool,1676970000000,274.3868759666738,1.2368759666738356
Liverpool,1676980800000,277.11519282204654,3.9651928220465607
Liverpool,1676991600000,277.2854784875027,4.1354784875027235
Liverpool,1677002400000,281.73845110019226,8.588451100192287
Liverpool,1677013200000,279.7346071352275,6.584607135227543
Liverpool,1677024000000,282.7218225165563,9.571822516556324
Liverpool,1677034800000,283.2370163640248,10.087016364024805
Liverpool,1677045600000,277.7709706472976,4.620970647297611
Liverpool,1677056400000,281.4578683187353,8.307868318735302
Liverpool,1677067200000,278.8959815424055,5.745981542405502
Liverpool,1677078000000,274.84630873744925,1.6963087374492716
Liverpool,1677088800000,281.30072446058534,8.150724460585366
Liverpool,1677099600000,277.03811390728475,3.888113907284776
Liverpool,1677110400000,276.27507968382827,3.1250796838282895
Liverpool,1677121200000,278.00720598162786,4.857205981627885
Liverpool,1677132000000,284.17419730826737,11.02419730826739
Liverpool,1677142800000,283.0573843195898,9.907384319589823
Liverpool,1677153600000,284.05579525742365,10.905795257423677
Liverpool,1677164400000,276.54878803674427,3.3987880367442926
Liverpool,1677175200000,274.9598106387524,1.809810638752424
Liverpool,1677186000000,283.6041939756462,10.454193975646206
Liverpool,1677196800000,276.27315462508005,3.123154625080076
Liverpool,1677207600000,277.1971718863491,4.047171886349133
Liverpool,1677218400000,281.55855654774626,8.408556547746286
Liverpool,1677229200000,281.0398899380474,7.889889938047418
Liverpool,1677240000000,280.3589277504807,7.208927750480711
Liverpool,1677250800000,280.2230087588122,7.07300875881225
Liverpool,1677261600000,278.97475582140567,5.824755821405688
Liverpool,1677272400000,278.52232326425974,5.372323264259762
Liverpool,1677283200000,283.7201678273873,10.570167827387309
Liverpool,1677294000000,283.3927492416151,10.242749241615115
Liverpool,1677304800000,283.95750788293105,10.807507882931077
Liverpool,1677315600000,281.9051163426618,8.755116342661836
Liverpool,1677326400000,283.58061747489853,10.430617474898554
Liverpool,1677337200000,284.5209321085238,11.370932108523846
Liverpool,1677348000000,279.89784883571883,6.747848835718855
Liverpool,1677358800000,282.5243125827814,9.374312582781442
Liverpool,1677369600000,282.02360042725917,8.873600427259191
Liverpool,1677380400000,276.1215726554155,2.971572655415514
Liverpool,1677391200000,283.0125938901944,9.862593890194432
Liverpool,1677402000000,276.34345755180516,3.1934575518051815
Liverpool,1677412800000,283.0968480239265,9.94684802392652
Cardiff,1676559600000,274.57174176458017,1.4217417645801902
Cardiff,1676570400000,282.42650100405893,9.276501004058957
Cardiff,1676581200000,275.287852681051,2.1378526810510152
Cardiff,1676592000000,280.889587694937,7.739587694937029
Cardiff,1676602800000,279.1845708182013,6.034570818201303
Cardiff,1676613600000,282.55289861140784,9.402898611407863
Cardiff,1676624400000,283.06742525101475,9.917425251014777
Cardiff,1676635200000,277.3950646443068,4.245064644306808
Cardiff,1676646000000,282.06597359538557,8.915973595385594
Cardiff,1676656800000,281.66835052339246,8.518350523392485
Cardiff,1676667600000,282.6050064516129,9.455006451612917
Cardiff,1676678400000,276.0881247596668,2.9381247596668345
Cardiff,1676689200000,274.9834910489211,1.8334910489211325
Cardiff,1676700000000,282.74275753044225,9.59275753044227
Cardiff,1676710800000,276.1952280281991,3.0452280281991193
Cardiff,1676721600000,277.2224546891689,4.0724546891689215
Cardiff,1676732400000,283.0518716513565,9.901871651356544
Cardiff,1676743200000,282.5182311471908,9.36823114719084
Cardiff,1676754000000,274.5083077974792,1.358307797479199
Cardiff,1676764800000,276.0974273873104,2.9474273873104266
Cardiff,1676775600000,282.8881158726768,9.738115872676815
Cardiff,1676786400000,274.7675563341166,1.617556334116614
Cardiff,1676797200000,273.643229053621,0.49322905362100755
Cardiff,1676808000000,283.02920299081404,9.879202990814065
Cardiff,1676818800000,277.67904362315744,4.529043623157463
Cardiff,1676829600000,280.5571541123692,7.407154112369199
Cardiff,1676840400000,279.8506848963897,6.700684896389703
Cardiff,1676851200000,278.9266457594531,5.7766457594531175
Cardiff,1676862000000,276.75589591967525,3.6058959196752767
Cardiff,1676872800000,280.9761387737663,7.826138773766331
Cardiff,1676883600000,283.0676604144414,9.9176604144414
Cardiff,1676894400000,279.40143524887844,6.251435248878465
Cardiff,1676905200000,280.74688177739796,7.596881777397982
Cardiff,1676916000000,277.5081673146763,4.3581673146763364
Cardiff,1676926800000,277.19425148472544,4.044251484725464
Cardiff,1676937600000,281.7046203802607,8.554620380260701
Cardiff,1676948400000,282.0366437940611,8.886643794061115
Cardiff,1676959200000,275.2720256355479,2.1220256355479137
Cardiff,1676970000000,282.3708328989532,9.220832898953233
Cardiff,1676980800000,277.2622301217688,4.112230121768846
Cardiff,1676991600000,274.12056158940396,0.9705615894039852
Cardiff,1677002400000,282.3332997222816,9.183299722281618
Cardiff,1677013200000,280.61624575945314,7.466245759453159
Cardiff,1677024000000,281.4165287759026,8.2665287759026
Cardiff,1677034800000,284.1168666524247,10.966866652424699
Cardiff,1677045600000,283.4807878658406,10.330787865840648
Cardiff,1677056400000,277.9169688528092,4.766968852809214
Cardiff,1677067200000,276.4108838282418,3.2608838282418446
Cardiff,1677078000000,279.3417037385174,6.191703738517447
Cardiff,1677088800000,283.03737355265974,9.887373552659767
Cardiff,1677099600000,283.0452870754113,9.895287075411318
Cardiff,1677110400000,280.22446349070714,7.07446349070716
Cardiff,1677121200000,283.15101217688533,10.001012176885354
Cardiff,1677132000000,282.8603556505021,9.710355650502095
Cardiff,1677142800000,273.58266079897453,0.43266079897455256
Cardiff,1677153600000,275.4204739158299,2.270473915829939
Cardiff,1677164400000,283.99363554795985,10.843635547959877
Cardiff,1677175200000,280.2228282845546,7.072828284554646
Cardiff,1677186000000,280.7047437726981,7.554743772698146
Cardiff,1677196800000,275.7285380046999,2.578538004699908
Cardiff,1677207600000,280.32493843195897,7.174938431958992
Cardiff,1677218400000,282.745399017304,9.595399017304032
Cardiff,1677229200000,275.91867036957916,2.7686703695791834
Cardiff,1677240000000,282.86100098269605,9.711000982696078
Cardiff,1677250800000,283.0543381328776,9.904338132877626
Cardiff,1677261600000,281.46583653065585,8.315836530655872
Cardiff,1677272400000,277.58723144627214,4.437231446272165
Cardiff,1677283200000,276.227166502884,3.0771665028840403
Cardiff,1677294000000,282.3901764580218,9.240176458021836
Cardiff,1677304800000,281.71601213415937,8.566012134159394
Cardiff,1677315600000,274.3720716086306,1.2220716086306425
Cardiff,1677326400000,277.6434136295662,4.493413629566248
Cardiff,1677337200000,282.5631364238411,9.413136423841138
Cardiff,1677348000000,281.5299158299509,8.379915829950903
Cardiff,1677358800000,276.64387609485146,3.493876094851487
Cardiff,1677369600000,282.4307230079043,9.280723007904328
Cardiff,1677380400000,283.3344451185644,10.18444511856444
Cardiff,1677391200000,281.8999646229438,8.749964622943821
Cardiff,1677402000000,279.04739397564623,5.897393975646253
Cardiff,1677412800000,281.75408673360397,8.604086733603992
Edimburgh,1676559600000,279.87004486220894,6.720044862208965
Edimburgh,1676570400000,275.4373509933775,2.2873509933775154
Edimburgh,1676581200000,276.67770134586624,3.5277013458662623
Edimburgh,1676592000000,282.23152317880795,9.08152317880797
Edimburgh,1676602800000,282.78675496688743,9.636754966887452
Edimburgh,1676613600000,275.35969237342454,2.2096923734245593
Edimburgh,1676624400000,275.4378978850673,2.2878978850673093
Edimburgh,1676635200000,278.0844434949797,4.934443494979746
Edimburgh,1676646000000,283.4301730399488,10.280173039948806
Edimburgh,1676656800000,278.0788378551592,4.928837855159202
Edimburgh,1676667600000,277.7478316599017,4.597831659901715
Edimburgh,1676678400000,277.90451612903234,4.754516129032368
Edimburgh,1676689200000,274.22243110446493,1.072431104464954
Edimburgh,1676700000000,276.108933988464,2.9589339884640253
Edimburgh,1676710800000,274.7838154240548,1.6338154240548306
Edimburgh,1676721600000,274.6771715445418,1.5271715445418295
Edimburgh,1676732400000,280.7003631702628,7.550363170262813
Edimburgh,1676743200000,280.54819055757315,7.398190557573173
Edimburgh,1676754000000,275.24429822687466,2.0942982268746846
Edimburgh,1676764800000,279.55653920102543,6.406539201025453
Edimburgh,1676775600000,276.50105533005774,3.3510553300577612
Edimburgh,1676786400000,274.87418927579586,1.7241892757958794
Edimburgh,1676797200000,276.31319803460804,3.163198034608058
Edimburgh,1676808000000,282.3687929929502,9.218792992950227
Edimburgh,1676818800000,279.79785515915404,6.647855159154062
Edimburgh,1676829600000,282.5555565050203,9.405556505020343
Edimburgh,1676840400000,282.44248664815217,9.292486648152192
Edimburgh,1676851200000,280.38248237556076,7.232482375560778
Edimburgh,1676862000000,281.2136210211494,8.063621021149402
Edimburgh,1676872800000,276.14694296090585,2.9969429609058693
Edimburgh,1676883600000,282.6885879085666,9.538587908566626
Edimburgh,1676894400000,282.6180388805811,9.468038880581105
Edimburgh,1676905200000,282.93113437299724,9.781134372997258
Edimburgh,1676916000000,283.08098269600515,9.930982696005174
Edimburgh,1676926800000,279.28924588763084,6.139245887630864
Edimburgh,1676937600000,280.8657979064302,7.715797906430225
Edimburgh,1676948400000,276.4910745567187,3.341074556718695
Edimburgh,1676959200000,277.23676137577445,4.086761375774472
Edimburgh,1676970000000,275.6686861781671,2.5186861781671155
Edimburgh,1676980800000,278.49174108096565,5.341741080965676
Edimburgh,1676991600000,276.3008929715873,3.150892971587325
Edimburgh,1677002400000,281.89682546464434,8.74682546464436
Edimburgh,1677013200000,275.0165178380688,1.8665178380688303
Edimburgh,1677024000000,274.83877803888066,1.6887780388806846
Edimburgh,1677034800000,283.554454176458,10.404454176458046
Edimburgh,1677045600000,274.39032685323656,1.2403268532365814
Edimburgh,1677056400000,275.5557530442214,2.405753044221399
Edimburgh,1677067200000,273.8685921811579,0.7185921811579306
Edimburgh,1677078000000,280.59563341166415,7.445633411664176
Edimburgh,1677088800000,279.2670967741936,6.117096774193612
Edimburgh,1677099600000,275.8439649647512,2.693964964751217
Edimburgh,1677110400000,275.45594531083105,2.3059453108310777
Edimburgh,1677121200000,274.84424695577883,1.6942469557788513
Edimburgh,1677132000000,277.3911215552233,4.241121555223344
Edimburgh,1677142800000,282.54885708182013,9.398857081820154
Edimburgh,1677153600000,276.930228583636,3.780228583636017
Edimburgh,1677164400000,280.3448835718863,7.194883571886351
Edimburgh,1677175200000,275.2992608417006,2.1492608417005954
Edimburgh,1677186000000,276.0001025421919,2.8501025421919053
Edimburgh,1677196800000,279.7690066225166,6.619006622516622
Edimburgh,1677207600000,275.9480111087375,2.798011108737512
Edimburgh,1677218400000,279.22813074129465,6.078130741294672
Edimburgh,1677229200000,278.12368297372365,4.973682973723669
Edimburgh,1677240000000,282.16398205511643,9.013982055116458
Edimburgh,1677250800000,275.9815082247383,2.831508224738343
Edimburgh,1677261600000,277.3364323862422,4.186432386242245
Edimburgh,1677272400000,276.38196966460157,3.2319696646015927
Edimburgh,1677283200000,273.97674001281786,0.8267400128178792
Edimburgh,1677294000000,277.9505917538987,4.800591753898743
Edimburgh,1677304800000,284.6530228583636,11.503022858363636
Edimburgh,1677315600000,274.6861952574237,1.536195257423742
Edimburgh,1677326400000,275.5880196539201,2.4380196539201506
Edimburgh,1677337200000,280.8528092287973,7.702809228797321
Edimburgh,1677348000000,275.93092074343093,2.780920743430954
Edimburgh,1677358800000,282.73644093142497,9.586440931424988
Edimburgh,1677369600000,276.5781670583209,3.4281670583209234
Edimburgh,1677380400000,283.08193975646236,9.931939756462384
Edimburgh,1677391200000,275.70491775261695,2.554917752616973
Edimburgh,1677402000000,278.85433027130955,5.704330271309573
Edimburgh,1677412800000,282.3802777184363,9.230277718436298
Cambridge,1676559600000,275.2545524460586,2.1045524460586194
Cambridge,1676570400000,283.02079726554155,9.870797265541569
Cambridge,1676581200000,285.3333287759026,12.183328775902623
Cambridge,1676592000000,275.3972911770989,2.24729117709893
Cambridge,1676602800000,272.52280111087373,-0.6271988891262481
Cambridge,1676613600000,280.4360777611621,7.286077761162119
Cambridge,1676624400000,275.80428797265546,2.6542879726554816
Cambridge,1676635200000,281.4552924588763,8.305292458876295
Cambridge,1676646000000,283.78942619098484,10.639426190984864
Cambridge,1676656800000,286.1142627643666,12.964262764366595
Cambridge,1676667600000,272.94232172612686,-0.207678273873114
Cambridge,1676678400000,285.6276111941893,12.477611194189308
Cambridge,1676689200000,279.93132407605214,6.781324076052158
Cambridge,1676700000000,277.0440640888699,3.894064088869925
Cambridge,1676710800000,274.8570442213203,1.7070442213203023
Cambridge,1676721600000,282.83537363811155,9.685373638111571
Cambridge,1676732400000,286.9689724417859,13.818972441785945
Cambridge,1676743200000,284.2523426618244,11.102342661824423
Cambridge,1676754000000,282.9548421277505,9.804842127750533
Cambridge,1676764800000,280.20110574663533,7.051105746635358
Cambridge,1676775600000,283.67408673360393,10.524086733603951
Cambridge,1676786400000,282.1010348216193,8.951034821619317
Cambridge,1676797200000,282.8726716513566,9.72267165135662
Cambridge,1676808000000,283.6137919248024,10.463791924802422
Cambridge,1676818800000,283.95527109591967,10.805271095919693
Cambridge,1676829600000,276.7701533860286,3.620153386028619
Cambridge,1676840400000,280.0085451826533,6.858545182653302
Cambridge,1676851200000,274.6438931852168,1.493893185216848
Cambridge,1676862000000,281.9392369151891,8.789236915189122
Cambridge,1676872800000,280.2784635761589,7.128463576158936
Cambridge,1676883600000,277.3290493484298,4.179049348429828
Cambridge,1676894400000,281.02516214484086,7.8751621448408855
Cambridge,1676905200000,273.0027259132664,-0.14727408673360287
Cambridge,1676916000000,275.00090408032474,1.8509040803247672
Cambridge,1676926800000,273.3445332193976,0.1945332193976128
Cambridge,1676937600000,273.65432001709036,0.5043200170903788
Cambridge,1676948400000,276.7020380260628,3.552038026062803
Cambridge,1676959200000,273.3773467207862,0.22734672078621543
Cambridge,1676970000000,287.2123939329203,14.062393932920315
Cambridge,1676980800000,276.99008587908565,3.8400858790856773
Cambridge,1676991600000,279.2241657765435,6.074165776543509
Cambridge,1677002400000,277.423606921598,4.273606921598002
Cambridge,1677013200000,283.7510343943602,10.601034394360227
Cambridge,1677024000000,284.46292330698566,11.312923306985681
Cambridge,1677034800000,274.23976757103185,1.0897675710318708
Cambridge,1677045600000,276.35210937833796,3.2021093783379797
Cambridge,1677056400000,281.7605400555437,8.610540055543709
Cambridge,1677067200000,282.87723819696646,9.727238196966482
Cambridge,1677078000000,280.3913967101047,7.241396710104709
Cambridge,1677088800000,275.3723255714591,2.2223255714591232
Cambridge,1677099600000,285.4022371288186,12.25223712881865
Cambridge,1677110400000,280.59404742576373,7.444047425763756
Cambridge,1677121200000,283.9201333048494,10.770133304849423
Cambridge,1677132000000,278.5318008972442,5.381800897244204
Cambridge,1677142800000,284.06175090792567,10.911750907925693
Cambridge,1677153600000,283.21415082247387,10.064150822473891
Cambridge,1677164400000,281.77150523392436,8.621505233924381
Cambridge,1677175200000,276.3186669515061,3.168666951506111
Cambridge,1677186000000,282.04765819269386,8.897658192693882
Cambridge,1677196800000,273.6475932493057,0.4975932493057371
Cambridge,1677207600000,282.1971510361034,9.0471510361034
Cambridge,1677218400000,284.32502456740013,11.175024567400158
Cambridge,1677229200000,283.31311087374496,10.163110873744984
Cambridge,1677240000000,280.35625891903436,7.206258919034383
Cambridge,1677250800000,279.01722196111945,5.867221961119469
Cambridge,1677261600000,284.6315300149541,11.481530014954103
Cambridge,1677272400000,284.473533005768,11.323533005768013
Cambridge,1677283200000,275.20144926297803,2.0514492629780534
Cambridge,1677294000000,281.9817577440718,8.831757744071808
Cambridge,1677304800000,279.27983935056614,6.129839350566158
Cambridge,1677315600000,276.26982952360606,3.119829523606086
Cambridge,1677326400000,280.63829096346933,7.488290963469353
Cambridge,1677337200000,283.83686904507584,10.686869045075866
Cambridge,1677348000000,283.02571929074986,9.875719290749885
Cambridge,1677358800000,283.50755821405687,10.357558214056894
Cambridge,1677369600000,274.2283101901303,1.0783101901303098
Cambridge,1677380400000,284.91919504379405,11.76919504379407
Cambridge,1677391200000,276.0165639820551,2.8665639820551405
Cambridge,1677402000000,274.8626498611408,1.7126498611408465
Cambridge,1677412800000,279.56244563127535,6.412445631275375
Oxford,1676559600000,279.68,6.53000000000003
Oxford,1676570400000,280.81972228156377,7.669722281563793
Oxford,1676581200000,283.92169194616537,10.77169194616539
Oxford,1676592000000,282.50278145695364,9.352781456953664
Oxford,1676602800000,285.4059559923094,12.255955992309396
Oxford,1676613600000,279.5364409314249,6.386440931424943
Oxford,1676624400000,273.2722067934202,0.12220679342021867
Oxford,1676635200000,283.9158128604999,10.76581286049992
Oxford,1676646000000,281.2962016663106,8.146201666310617
Oxford,1676656800000,280.97531296731466,7.825312967314687
Oxford,1676667600000,281.2558684041871,8.105868404187106
Oxford,1676678400000,275.62206366161075,2.4720636616107754
Oxford,1676689200000,275.3866267891476,2.2366267891476355
Oxford,1676700000000,276.758914761803,3.608914761803021
Oxford,1676710800000,284.6293697927793,11.479369792779323
Oxford,1676721600000,272.7322879726554,-0.417712027344578
Oxford,1676732400000,284.47200170903653,11.322001709036556
Oxford,1676743200000,281.88930570390943,8.739305703909451
Oxford,1676754000000,280.9489254432814,7.798925443281405
Oxford,1676764800000,282.95150608844267,9.801506088442693
Oxford,1676775600000,284.8404699850459,11.690469985045922
Oxford,1676786400000,283.39968382824185,10.24968382824187
Oxford,1676797200000,278.84845118564414,5.69845118564416
Oxford,1676808000000,283.4889638966033,10.338963896603332
Oxford,1676818800000,273.99970946378977,0.8497094637897931
Oxford,1676829600000,284.00851100192267,10.858511001922693
Oxford,1676840400000,278.65922666096986,5.509226660969887
Oxford,1676851200000,279.53001495406966,6.380014954069679
Oxford,1676862000000,278.1910873744926,5.041087374492633
Oxford,1676872800000,275.95170262764367,2.8017026276436923
Oxford,1676883600000,276.6968425550096,3.5468425550096185
Oxford,1676894400000,272.16830591753893,-0.981694082461047
Oxford,1676905200000,276.67920529801324,3.5292052980132667
Oxford,1676916000000,273.1281008331553,-0.021899166844661977
Oxford,1676926800000,282.5362785729545,9.386278572954495
Oxford,1676937600000,283.3947618030336,10.244761803033612
Oxford,1676948400000,274.5625977355266,1.4125977355266173
Oxford,1676959200000,275.75564195684683,2.6056419568468527
Oxford,1676970000000,279.772151249733,6.622151249733008
Oxford,1676980800000,275.89017731254006,2.7401773125400837
Oxford,1676991600000,274.21491134372997,1.0649113437299889
Oxford,1677002400000,281.61544969023714,8.465449690237165
Oxford,1677013200000,272.39321512497327,-0.7567848750267103
Oxford,1677024000000,279.7014654988251,6.5514654988251095
Oxford,1677034800000,285.6862379833369,12.536237983336946
Oxford,1677045600000,283.5936936552019,10.443693655201912
Oxford,1677056400000,278.13571459089934,4.985714590899363
Oxford,1677067200000,284.1982824182867,11.048282418286703
Oxford,1677078000000,275.4508865627003,2.3008865627003274
Oxford,1677088800000,271.63481307412945,-1.5151869258705233
Oxford,1677099600000,272.66255928220465,-0.48744071779532305
Oxford,1677110400000,284.13662038026064,10.98662038026066
Oxford,1677121200000,277.13162144840845,3.9816214484084753
Oxford,1677132000000,280.7583336893826,7.608333689382619
Oxford,1677142800000,276.6895962401196,3.5395962401196357
Oxford,1677153600000,275.8845716727195,2.7345716727195395
Oxford,1677164400000,280.62502883999144,7.475028839991467
Oxford,1677175200000,282.8604486220893,9.710448622089302
Oxford,1677186000000,284.4564152958769,11.306415295876945
Oxford,1677196800000,275.09103183080543,1.941031830805457
Oxford,1677207600000,284.25078402050843,11.100784020508456
Oxford,1677218400000,280.0767699209571,6.926769920957099
Oxford,1677229200000,272.93026276436655,-0.21973723563343128
Oxford,1677240000000,275.2426575518052,2.092657551805246
Oxford,1677250800000,275.0420850245674,1.89208502456745
Oxford,1677261600000,273.34562700277723,0.19562700277725753
Oxford,1677272400000,282.2626960051271,9.112696005127134
Oxford,1677283200000,280.647861568041,7.497861568041003
Oxford,1677294000000,281.9833710745567,8.833371074556737
Oxford,1677304800000,281.84664815210425,8.696648152104274
Oxford,1677315600000,282.9129502243111,9.762950224311112
Oxford,1677326400000,275.7537278359325,2.6037278359325455
Oxford,1677337200000,283.5295706045717,10.379570604571711
Oxford,1677348000000,282.2851185644093,9.13511856440931
Oxford,1677358800000,280.28869045075834,7.138690450758361
Oxford,1677369600000,282.95683828241835,9.806838282418369
Oxford,1677380400000,283.19678701132244,10.046787011322465
Oxford,1677391200000,285.0995599230933,11.949559923093318
Oxford,1677402000000,283.71223242896815,10.562232428968173
Oxford,1677412800000,286.0481435590686,12.898143559068615
Birmingham,1676559600000,276.34314035462506,3.1931403546250863
Birmingham,1676570400000,275.8365545823542,2.6865545823542334
Birmingham,1676581200000,276.4211544541765,3.2711544541764965
Birmingham,1676592000000,284.09639649647517,10.946396496475188
Birmingham,1676602800000,287.1183559068575,13.96835590685754
Birmingham,1676613600000,275.13598632770777,1.985986327707792
Birmingham,1676624400000,287.5411031830805,14.391103183080531
Birmingham,1676635200000,276.90053236487927,3.750532364879291
Birmingham,1676646000000,285.4491057466353,12.299105746635348
Birmingham,1676656800000,275.6951283913694,2.545128391369417
Birmingham,1676667600000,283.4080239265115,10.258023926511498
Birmingham,1676678400000,283.9609314249092,10.8109314249092
Birmingham,1676689200000,273.66577739799186,0.5157773979918829
Birmingham,1676700000000,275.5015834223457,2.3515834223456977
Birmingham,1676710800000,283.89248792992953,10.742487929929553
Birmingham,1676721600000,272.79493441572305,-0.3550655842769288
Birmingham,1676732400000,282.8287015594958,9.678701559495835
Birmingham,1676743200000,285.52485024567403,12.374850245674054
Birmingham,1676754000000,277.75406622516556,4.604066225165582
Birmingham,1676764800000,283.4705883358257,10.320588335825732
Birmingham,1676775600000,279.6174355906857,6.467435590685739
Birmingham,1676786400000,284.6480734885708,11.49807348857081
Birmingham,1676797200000,285.71962572099983,12.569625720999852
Birmingham,1676808000000,282.80463832514414,9.654638325144163
Birmingham,1676818800000,285.16603460798973,12.016034607989752
Birmingham,1676829600000,285.5821098055971,12.432109805597122
Birmingham,1676840400000,283.9757248451186,10.8257248451186
Birmingham,1676851200000,275.4893330484939,2.339333048493927
Birmingham,1676862000000,283.42024695577874,10.27024695577876
Birmingham,1676872800000,281.3507814569536,8.20078145695362
Birmingham,1676883600000,273.2638120059816,0.11381200598162877
Birmingham,1676894400000,281.9214902798547,8.771490279854731
Birmingham,1676905200000,272.9656193121128,-0.18438068788719875
Birmingham,1676916000000,276.9523230079042,3.802323007904249
Birmingham,1676926800000,282.92881008331557,9.77881008331559
Birmingham,1676937600000,277.62363255714587,4.473632557145891
Birmingham,1676948400000,274.06350437940614,0.913504379406163
Birmingham,1676959200000,281.06133903012176,7.9113390301217805
Birmingham,1676970000000,280.8420901516769,7.69209015167695
Birmingham,1676980800000,275.19127707754757,2.0412770775475906
Birmingham,1676991600000,284.29964879299297,11.149648792992991
Birmingham,1677002400000,274.1062166203802,0.9562166203802462
Birmingham,1677013200000,277.0960187994018,3.946018799401827
Birmingham,1677024000000,280.4720358897671,7.322035889767108
Birmingham,1677034800000,278.8677017731254,5.717701773125441
Birmingham,1677045600000,281.4076581926938,8.257658192693839
Birmingham,1677056400000,278.5687160863063,5.418716086306347
Birmingham,1677067200000,279.8949831232643,6.744983123264319
Birmingham,1677078000000,283.21748686178165,10.067486861781674
Birmingham,1677088800000,276.9314864345226,3.7814864345226056
Birmingham,1677099600000,282.5261337321085,9.376133732108542
Birmingham,1677110400000,282.6751343729972,9.525134372997229
Birmingham,1677121200000,278.6181824396496,5.468182439649638
Birmingham,1677132000000,285.0861884212775,11.936188421277507
Birmingham,1677142800000,278.5435864131596,5.393586413159596
Birmingham,1677153600000,274.6408852809229,1.490885280922896
Birmingham,1677164400000,281.68238923306984,8.532389233069864
Birmingham,1677175200000,281.65255629139074,8.50255629139076
Birmingham,1677186000000,285.4545199743644,12.304519974364439
Birmingham,1677196800000,275.08206280709254,1.9320628070925636
Birmingham,1677207600000,275.25127109591966,2.101271095919685
Birmingham,1677218400000,281.78219696646016,8.632196966460185
Birmingham,1677229200000,274.1919145481735,1.0419145481735086
Birmingham,1677240000000,284.18135612048707,11.03135612048709
Birmingham,1677250800000,279.6360299081393,6.486029908139301
Birmingham,1677261600000,278.10445973082676,4.954459730826784
Birmingham,1677272400000,274.41190173039945,1.2619017303994724
Birmingham,1677283200000,282.97567870113227,9.82567870113229
Birmingham,1677294000000,279.77751078829306,6.62751078829308
Birmingham,1677304800000,283.81050886562696,10.66050886562698
Birmingham,1677315600000,281.35884810937836,8.20884810937838
Birmingham,1677326400000,282.83362358470407,9.683623584704094
Birmingham,1677337200000,276.612293099765,3.46229309976502
Birmingham,1677348000000,283.8303883785516,10.68038837855164
Birmingham,1677358800000,279.4733843195898,6.32338431958982
Birmingham,1677369600000,275.45282802819906,2.3028280281990874
Birmingham,1677380400000,283.1457073274941,9.99570732749413
Birmingham,1677391200000,284.17681691946166,11.02681691946168
Birmingham,1677402000000,282.2707353129673,9.120735312967327
Birmingham,1677412800000,282.2074872890408,9.057487289040807
Coventry,1676559600000,275.93247938474684,2.782479384746864
Coventry,1676570400000,272.1385823541978,-1.0114176458021689
Coventry,1676581200000,283.4915616321299,10.341561632129924
Coventry,1676592000000,281.8455817133091,8.695581713309139
Coventry,1676602800000,273.7906327707754,0.6406327707754258
Coventry,1676613600000,271.72715573595383,-1.422844264046148
Coventry,1676624400000,282.34136637470624,9.191366374706263
Coventry,1676635200000,275.4391830805383,2.2891830805383506
Coventry,1676646000000,275.8467267677846,2.6967267677846394
Coventry,1676656800000,282.91820038453324,9.768200384533259
Coventry,1676667600000,282.8107361674855,9.660736167485538
Coventry,1676678400000,281.2033121127964,8.053312112796448
Coventry,1676689200000,276.3565118564409,3.2065118564408976
Coventry,1676700000000,284.04638325144197,10.89638325144199
Coventry,1676710800000,285.345114291818,12.195114291818015
Coventry,1676721600000,287.39089938047425,14.240899380474275
Coventry,1676732400000,284.95821576586195,11.808215765861974
Coventry,1676743200000,282.22854261909845,9.07854261909847
Coventry,1676754000000,280.32380089724415,7.173800897244178
Coventry,1676764800000,284.26133903012175,11.11133903012177
Coventry,1676775600000,274.397381756035,1.2473817560349971
Coventry,1676786400000,276.0912146977142,2.9412146977142015
Coventry,1676797200000,285.3232659688101,12.173265968810142
Coventry,1676808000000,274.4644580217902,1.3144580217902444
Coventry,1676818800000,272.921649220252,-0.22835077974798423
Coventry,1676829600000,271.93612305063016,-1.2138769493698192
Coventry,1676840400000,279.83665712454604,6.686657124546059
Coventry,1676851200000,281.89482930997644,8.744829309976467
Coventry,1676862000000,283.90870326853235,10.758703268532372
Coventry,1676872800000,274.7055825678274,1.5555825678274005
Coventry,1676883600000,278.85925229651787,5.709252296517889
Coventry,1676894400000,282.0187549668874,8.868754966887423
Coventry,1676905200000,279.54989446699426,6.399894466994283
Coventry,1676916000000,285.0370502029481,11.887050202948103
Coventry,1676926800000,282.5992258064516,9.449225806451636
Coventry,1676937600000,279.4436060670797,6.293606067079736
Coventry,1676948400000,277.33708865627,4.187088656270021
Coventry,1676959200000,276.8163657338175,3.6663657338175426
Coventry,1676970000000,282.3276667378765,9.177666737876507
Coventry,1676980800000,284.7516000854518,11.601600085451821
Coventry,1676991600000,285.72878615680406,12.578786156804085
Coventry,1677002400000,281.49920786156804,8.349207861568061
Coventry,1677013200000,274.92967143772694,1.779671437726961
Coventry,1677024000000,272.6789933774834,-0.4710066225165974
Coventry,1677034800000,284.13596411023286,10.985964110232885
Coventry,1677045600000,281.18704208502453,8.037042085024552
Coventry,1677056400000,283.1642469557787,10.01424695577873
Coventry,1677067200000,282.9513967101047,9.801396710104711
Coventry,1677078000000,283.7915590685751,10.641559068575134
Coventry,1677088800000,273.2901721854304,0.14017218543040144
Coventry,1677099600000,283.0869164708396,9.936916470839606
Coventry,1677110400000,286.7016244392223,13.551624439222337
Coventry,1677121200000,282.7325580004273,9.582558000427298
Coventry,1677132000000,276.75557872249516,3.6055787224951814
Coventry,1677142800000,284.9299414654988,11.779941465498837
Coventry,1677153600000,284.1809459517197,11.03094595171973
Coventry,1677164400000,275.50051698355054,2.3505169835505626
Coventry,1677175200000,276.5625806451613,3.412580645161313
Coventry,1677186000000,276.5443691518906,3.3943691518906007
Coventry,1677196800000,276.7910446485793,3.6410446485793386
Coventry,1677207600000,281.8816492202521,8.731649220252109
Coventry,1677218400000,274.3769006622516,1.2269006622516372
Coventry,1677229200000,283.614940397351,10.464940397351029
Coventry,1677240000000,281.29226404614394,8.142264046143964
Coventry,1677250800000,283.172176885281,10.022176885280999
Coventry,1677261600000,279.75724845118566,6.607248451185683
Coventry,1677272400000,279.7513967101047,6.601396710104723
Coventry,1677283200000,275.8689305703909,2.71893057039091
Coventry,1677294000000,278.14082802819905,4.990828028199076
Coventry,1677304800000,283.2506831873531,10.100683187353127
Coventry,1677315600000,273.3448340098269,0.1948340098269341
Coventry,1677326400000,275.6018286690878,2.4518286690878313
Coventry,1677337200000,281.345394573809,8.19539457380904
Coventry,1677348000000,275.19204272591327,2.0420427259132907
Coventry,1677358800000,273.55675453962823,0.4067545396282526
Coventry,1677369600000,279.56187139500105,6.4118713950010715
Coventry,1677380400000,281.76546208075194,8.615462080751968
Coventry,1677391200000,278.4609784234138,5.310978423413815
Coventry,1677402000000,285.3330826746421,12.18308267464215
Coventry,1677412800000,283.76024951933346,10.610249519333479
Bristol,1676559600000,280.25615039521466,7.106150395214684
Bristol,1676570400000,273.66629694509726,0.516296945097281
Bristol,1676581200000,282.7617729544969,9.611772954496928
Bristol,1676592000000,283.06309386883146,9.913093868831481
Bristol,1676602800000,275.3142948942534,2.1642948942534304
Bristol,1676613600000,283.8581212561419,10.708121256141908
Bristol,1676624400000,275.5173776543474,2.367377654347422
Bristol,1676635200000,280.85539055757323,7.705390557573253
Bristol,1676646000000,281.7828805810724,8.632880581072413
Bristol,1676656800000,282.58561367229225,9.435613672292277
Bristol,1676667600000,279.77994992522963,6.629949925229653
Bristol,1676678400000,282.0341663747063,8.884166374706297
Bristol,1676689200000,284.33019816278573,11.180198162785757
Bristol,1676700000000,272.34976458021794,-0.8002354197820409
Bristol,1676710800000,276.379268019654,3.2292680196540005
Bristol,1676721600000,272.669679812006,-0.480320187993982
Bristol,1676732400000,276.6189815851314,3.4689815851314165
Bristol,1676743200000,280.93497423627434,7.7849742362743655
Bristol,1676754000000,275.4681902157659,2.3181902157659238
Bristol,1676764800000,276.59115573595386,3.4411557359538847
Bristol,1676775600000,283.37436274300364,10.224362743003667
Bristol,1676786400000,279.28172065797906,6.131720657979088
Bristol,1676797200000,277.41498790856656,4.264987908566582
Bristol,1676808000000,280.4111559068575,7.261155906857539
Bristol,1676818800000,279.38921221961124,6.239212219611261
Bristol,1676829600000,277.28736526383256,4.137365263832578
Bristol,1676840400000,279.26088408459736,6.110884084597387
Bristol,1676851200000,272.14603101901304,-1.00396898098694
Bristol,1676862000000,279.16560461439866,6.015604614398683
Bristol,1676872800000,282.9076617816706,9.757661781670606
Bristol,1676883600000,277.49007613757743,4.340076137577455
Bristol,1676894400000,275.7295388164922,2.5795388164922315
Bristol,1676905200000,281.11275231788085,7.96275231788087
Bristol,1676916000000,281.53688323007907,8.386883230079093
Bristol,1676926800000,277.3371324076053,4.187132407605304
Bristol,1676937600000,283.5344270027772,10.384427002777215
Bristol,1676948400000,282.0402696859645,8.89026968596454
Bristol,1676959200000,281.0157556077761,7.865755607776123
Bristol,1676970000000,283.40318393505663,10.253183935056654
Bristol,1676980800000,281.2366834437086,8.086683443708637
Bristol,1676991600000,277.2050197820979,4.055019782097929
Bristol,1677002400000,274.2320399914548,1.0820399914548489
Bristol,1677013200000,283.2793621875668,10.129362187566812
Bristol,1677024000000,275.5101313394574,2.360131339457439
Bristol,1677034800000,282.57475787224956,9.424757872249586
Bristol,1677045600000,278.136217731254,4.986217731254044
Bristol,1677056400000,280.5114339671011,7.361433967101107
Bristol,1677067200000,274.1442584063235,0.9942584063235245
Bristol,1677078000000,280.9871422345653,7.837142234565306
Bristol,1677088800000,282.67255851313826,9.522558513138279
Bristol,1677099600000,282.75340004272596,9.60340004272598
Bristol,1677110400000,282.5887747062594,9.438774706259437
Bristol,1677121200000,278.46750831019017,5.317508310190192
Bristol,1677132000000,284.58177380901515,11.43177380901517
Bristol,1677142800000,273.2048516129032,0.054851612903235036
Bristol,1677153600000,276.5078586626789,3.35785866267895
Bristol,1677164400000,283.3293590258492,10.179359025849237
Bristol,1677175200000,280.14014919888916,6.990149198889185
Bristol,1677186000000,282.3007815424055,9.150781542405525
Bristol,1677196800000,282.2803824823756,9.130382482375637
Bristol,1677207600000,272.99689604785306,-0.15310395214692107
Bristol,1677218400000,283.4105286904508,10.260528690450826
Bristol,1677229200000,273.5121391155736,0.3621391155735978
Bristol,1677240000000,280.78449698782316,7.634496987823184
Bristol,1677250800000,280.2786604571673,7.128660457167314
Bristol,1677261600000,274.8559996581927,1.7059996581926953
Bristol,1677272400000,284.88054073915833,11.730540739158357
Bristol,1677283200000,279.64911155735956,6.4991115573595835
Bristol,1677294000000,280.93408280281994,7.784082802819967
Bristol,1677304800000,274.3868158085879,1.2368158085879486
Bristol,1677315600000,283.14876445204015,9.998764452040177
Bristol,1677326400000,283.12794975432604,9.977949754326062
Bristol,1677337200000,281.82097158726765,8.670971587267672
Bristol,1677348000000,283.2037489425337,10.05374894253373
Bristol,1677358800000,275.60525221106604,2.4552522110660675
Bristol,1677369600000,282.48251365092926,9.332513650929286
Bristol,1677380400000,283.19189779961545,10.04189779961547
Bristol,1677391200000,279.66732851954714,6.5173285195471635
Bristol,1677402000000,281.2312692159795,8.081269215979546
Bristol,1677412800000,275.4451551377911,2.2951551377911414
Glasgow,1676559600000,274.6729331339458,1.5229331339457985
Glasgow,1676570400000,272.9160435804315,-0.23395641956847157
Glasgow,1676581200000,275.1170091860714,1.9670091860714365
Glasgow,1676592000000,281.87194189275795,8.721941892757968
Glasgow,1676602800000,278.451681264687,5.3016812646870335
Glasgow,1676613600000,281.6246101260415,8.474610126041512
Glasgow,1676624400000,282.00360606707966,8.853606067079681
Glasgow,1676635200000,279.89820978423415,6.748209784234177
Glasgow,1676646000000,273.5747746208075,0.4247746208075114
Glasgow,1676656800000,276.0971758171331,2.947175817133143
Glasgow,1676667600000,278.35269386883147,5.2026938688314885
Glasgow,1676678400000,276.02498611407816,2.874986114078183
Glasgow,1676689200000,275.182772911771,2.032772911771019
Glasgow,1676700000000,277.52401623584706,4.37401623584708
Glasgow,1676710800000,275.3283828241829,2.178382824182904
Glasgow,1676721600000,280.30345652638323,7.153456526383252
Glasgow,1676732400000,273.90714804528943,0.7571480452894548
Glasgow,1676743200000,276.7461995300149,3.5961995300149283
Glasgow,1676754000000,279.46780602435376,6.317806024353786
Glasgow,1676764800000,280.9273232215338,7.777323221533834
Glasgow,1676775600000,280.5145567186498,7.364556718649851
Glasgow,1676786400000,277.95182226020086,4.801822260200879
Glasgow,1676797200000,283.0399658192694,9.889965819269435
Glasgow,1676808000000,274.3981200598163,1.2481200598163014
Glasgow,1676818800000,276.8017090365306,3.651709036530633
Glasgow,1676829600000,278.645964537492,5.495964537492
Glasgow,1676840400000,279.03412091433455,5.884120914334574
Glasgow,1676851200000,278.7532920316172,5.603292031617229
Glasgow,1676862000000,273.09405682546463,-0.05594317453534359
Glasgow,1676872800000,274.15393292031615,1.0039329203161742
Glasgow,1676883600000,274.62754112369146,1.4775411236914806
Glasgow,1676894400000,275.5949925229652,2.444992522965208
Glasgow,1676905200000,282.42184148686175,9.271841486861774
Glasgow,1676916000000,275.30062807092503,2.150628070925052
Glasgow,1676926800000,278.49816705832086,5.3481670583208825
Glasgow,1676937600000,280.6335056611835,7.4835056611835284
Glasgow,1676948400000,273.7790386669515,0.6290386669515442
Glasgow,1676959200000,282.2257808160649,9.075780816064935
Glasgow,1676970000000,280.1250331125828,6.975033112582821
Glasgow,1676980800000,274.9049519333476,1.754951933347627
Glasgow,1676991600000,275.71517197180094,2.5651719718009645
Glasgow,1677002400000,278.10932706686606,4.959327066866081
Glasgow,1677013200000,279.85322794274725,6.703227942747276
Glasgow,1677024000000,273.6450502029481,0.4950502029481072
Glasgow,1677034800000,273.83359111301,0.6835911130100385
Glasgow,1677045600000,282.2920914334544,9.142091433454425
Glasgow,1677056400000,275.8287887203589,2.6787887203589094
Glasgow,1677067200000,277.40178594317456,4.251785943174582
Glasgow,1677078000000,280.4330698568682,7.283069856868224
Glasgow,1677088800000,278.6034437086093,5.4534437086093135
Glasgow,1677099600000,282.30904507583847,9.159045075838492
Glasgow,1677110400000,274.83508651997437,1.6850865199743907
Glasgow,1677121200000,282.7784148686178,9.628414868617824
Glasgow,1677132000000,282.4577996154668,9.30779961546682
Glasgow,1677142800000,283.2864772484512,10.136477248451229
Glasgow,1677153600000,278.21542405468915,5.065424054689174
Glasgow,1677164400000,276.9830036317027,3.833003631702695
Glasgow,1677175200000,281.79168553727834,8.641685537278363
Glasgow,1677186000000,273.2441785943175,0.09417859431749775
Glasgow,1677196800000,282.4617645802179,9.311764580217925
Glasgow,1677207600000,276.004067506943,2.854067506943011
Glasgow,1677218400000,274.34520828882717,1.1952082888271889
Glasgow,1677229200000,275.86939542832727,2.7193954283272888
Glasgow,1677240000000,274.8684469130528,1.7184469130528441
Glasgow,1677250800000,277.5575133518479,4.407513351847911
Glasgow,1677261600000,277.47110446485794,4.321104464857967
Glasgow,1677272400000,281.6004101687674,8.450410168767405
Glasgow,1677283200000,280.05120273445846,6.901202734458479
Glasgow,1677294000000,279.8964323862423,6.746432386242304
Glasgow,1677304800000,279.02263618884854,5.87263618884856
Glasgow,1677315600000,279.3302627643666,6.180262764366603
Glasgow,1677326400000,274.33057893612477,1.180578936124789
Glasgow,1677337200000,279.88617816705835,6.73617816705837
Glasgow,1677348000000,275.2263875240333,2.0763875240333505
Glasgow,1677358800000,282.3355693227943,9.185569322794322
Glasgow,1677369600000,277.7132407605213,4.563240760521296
Glasgow,1677380400000,280.2439820551164,7.093982055116442
Glasgow,1677391200000,273.0905020294809,-0.05949797051908945
Glasgow,1677402000000,272.8673702200384,-0.28262977996155314
Glasgow,1677412800000,282.0835889767144,8.933588976714418
Aberdeen,1676559600000,280.20980132450336,7.059801324503383
Aberdeen,1676570400000,280.1069856868191,6.95698568681911
Aberdeen,1676581200000,275.7911899166845,2.6411899166845387
Aberdeen,1676592000000,278.33806451612907,5.188064516129089
Aberdeen,1676602800000,276.9635889767145,3.8135889767145272
Aberdeen,1676613600000,275.92586199530024,2.775861995300261
Aberdeen,1676624400000,275.94896816919464,2.7989681691946657
Aberdeen,1676635200000,276.83643665883363,3.6864366588336566
Aberdeen,1676646000000,281.61257850886557,8.46257850886559
Aberdeen,1676656800000,280.75997436445203,7.609974364452057
Aberdeen,1676667600000,283.48745994445636,10.337459944456384
Aberdeen,1676678400000,278.9291177098911,5.779117709891125
Aberdeen,1676689200000,277.0494509720146,3.8994509720146198
Aberdeen,1676700000000,276.629848323008,3.4798483230080137
Aberdeen,1676710800000,280.03206152531516,6.88206152531518
Aberdeen,1676721600000,278.47013885921814,5.3201388592181615
Aberdeen,1676732400000,280.11245460371714,6.962454603717163
Aberdeen,1676743200000,276.7401837214271,3.590183721427138
Aberdeen,1676754000000,280.2005041657765,7.050504165776545
Aberdeen,1676764800000,276.5084383678702,3.358438367870235
Aberdeen,1676775600000,279.0245503097629,5.874550309762924
Aberdeen,1676786400000,277.30238837855165,4.152388378551677
Aberdeen,1676797200000,275.1621277504807,2.0121277504807153
Aberdeen,1676808000000,276.40029053621026,3.2502905362102865
Aberdeen,1676818800000,276.4495107882932,3.299510788293219
Aberdeen,1676829600000,280.5017047639393,7.351704763939324
Aberdeen,1676840400000,280.31070284127327,7.160702841273292
Aberdeen,1676851200000,277.346002990814,4.196002990814009
Aberdeen,1676862000000,279.3179577013459,6.167957701345927
Aberdeen,1676872800000,280.9903524887844,7.840352488784447
Aberdeen,1676883600000,279.04888698995944,5.898886989959465
Aberdeen,1676894400000,280.71048066652423,7.560480666524256
Aberdeen,1676905200000,277.3547532578509,4.204753257850939
Aberdeen,1676916000000,276.1498141422773,2.99981414227733
Aberdeen,1676926800000,276.92216193121135,3.7721619312113717
Aberdeen,1676937600000,280.6864174321726,7.536417432172641
Aberdeen,1676948400000,278.2876137577441,5.137613757744134
Aberdeen,1676959200000,276.238547318949,3.088547318948997
Aberdeen,1676970000000,275.9947703482162,2.8447703482162296
Aberdeen,1676980800000,283.58685750907927,10.436857509079289
Aberdeen,1676991600000,283.177645802179,10.027645802178995
Aberdeen,1677002400000,281.31411236915187,8.164112369151894
Aberdeen,1677013200000,277.3093612475967,4.159361247596735
Aberdeen,1677024000000,276.486015808588,3.3360158085880016
Aberdeen,1677034800000,275.51309549241626,2.363095492416278
Aberdeen,1677045600000,275.1824994659261,2.0324994659261506
Aberdeen,1677056400000,279.7188293099765,6.568829309976536
Aberdeen,1677067200000,279.87387310403767,6.723873104037693
Aberdeen,1677078000000,275.6254817346721,2.475481734672144
Aberdeen,1677088800000,276.7142063661611,3.564206366161102
Aberdeen,1677099600000,280.33982482375563,7.189824823755657
Aberdeen,1677110400000,279.56939115573596,6.41939115573598
Aberdeen,1677121200000,281.8862977996155,8.7362977996155
Aberdeen,1677132000000,276.66717368083755,3.5171736808375726
Aberdeen,1677142800000,276.7457893612476,3.5957893612476255
Aberdeen,1677153600000,278.87196752830596,5.721967528305981
Aberdeen,1677164400000,278.2021619312114,5.052161931211401
Aberdeen,1677175200000,276.27669301431325,3.1266930143132754
Aberdeen,1677186000000,280.432386242256,7.2823862422559955
Aberdeen,1677196800000,275.9425421918393,2.7925421918393454
Aberdeen,1677207600000,278.18739585558643,5.037395855586453
Aberdeen,1677218400000,276.0582097842341,2.9082097842341454
Aberdeen,1677229200000,282.53012604144413,9.380126041444157
Aberdeen,1677240000000,275.73198889126263,2.581988891262654
Aberdeen,1677250800000,281.2378209784234,8.087820978423395
Aberdeen,1677261600000,276.8189361247597,3.668936124759739
Aberdeen,1677272400000,280.2703695791497,7.120369579149724
Aberdeen,1677283200000,278.65334757530445,5.503347575304474
Aberdeen,1677294000000,282.3445930356761,9.194593035676121
Aberdeen,1677304800000,278.1157530442213,4.965753044221344
Aberdeen,1677315600000,276.9430805383466,3.793080538346601
Aberdeen,1677326400000,276.74483230079045,3.594832300790472
Aberdeen,1677337200000,278.394257637257,5.2442576372570215
Aberdeen,1677348000000,277.20258064516133,4.052580645161356
Aberdeen,1677358800000,276.63559068575097,3.485590685750992
Aberdeen,1677369600000,277.4712411877805,4.321241187780515
Aberdeen,1677380400000,279.06638752403336,5.916387524033382
Aberdeen,1677391200000,276.0907498397779,2.9407498397779364
Aberdeen,1677402000000,282.20281136509294,9.052811365092964
Aberdeen,1677412800000,282.1984362315745,9.048436231574499
Brighton,1676559600000,280.0205549241615,6.8705549241615245
Brighton,1676570400000,277.3080979277932,4.1580979277932215
Brighton,1676581200000,283.1719198461867,10.021919846186734
Brighton,1676592000000,278.26864755394143,5.118647553941457
Brighton,1676602800000,282.6807454817347,9.530745481734698
Brighton,1676613600000,283.3763698355052,10.226369835505238
Brighton,1676624400000,280.60633608203375,7.456336082033772
Brighton,1676635200000,281.52657979064304,8.376579790643063
Brighton,1676646000000,277.7316546037172,4.5816546037171975
Brighton,1676656800000,277.1683178807947,4.0183178807947115
Brighton,1676667600000,282.58824969023715,9.438249690237171
Brighton,1676678400000,280.8576875026704,7.70768750267041
Brighton,1676689200000,281.7327087374493,8.582708737449309
Brighton,1676700000000,277.95356137577437,4.803561375774393
Brighton,1676710800000,283.2911695791497,10.141169579149732
Brighton,1676721600000,280.2123771843623,7.062377184362333
Brighton,1676732400000,277.4105744926298,4.260574492629814
Brighton,1676743200000,282.70951745353557,9.559517453535591
Brighton,1676754000000,280.7006147404401,7.550614740440096
Brighton,1676764800000,279.2750813928648,6.125081392864843
Brighton,1676775600000,276.72798803674425,3.577988036744273
Brighton,1676786400000,279.3265603076266,6.17656030762663
Brighton,1676797200000,283.2659414654988,10.11594146549885
Brighton,1676808000000,281.9150041444136,8.765004144413638
Brighton,1676818800000,276.2469202307199,3.0969202307199453
Brighton,1676829600000,282.59452253791926,9.444522537919283
Brighton,1676840400000,282.7847314676351,9.634731467635106
Brighton,1676851200000,277.72277855159155,4.572778551591568
Brighton,1676862000000,278.18074018372147,5.030740183721491
Brighton,1676872800000,282.97993351847896,9.829933518478981
Brighton,1676883600000,276.20468925443276,3.0546892544327875
Brighton,1676894400000,276.6080929715872,3.4580929715872344
Brighton,1676905200000,281.7510569536424,8.601056953642399
Brighton,1676916000000,280.1115467635121,6.9615467635121036
Brighton,1676926800000,278.38520657979063,5.235206579790656
Brighton,1676937600000,279.7183371074557,6.568337107455704
Brighton,1676948400000,281.9733957701346,8.823395770134596
Brighton,1676959200000,282.89760444349497,9.747604443494993
Brighton,1676970000000,276.8538168767357,3.7038168767357433
Brighton,1676980800000,277.1081707327494,3.9581707327494087
Brighton,1676991600000,279.34041307412946,6.190413074129481
Brighton,1677002400000,279.4036501602222,6.253650160222207
Brighton,1677013200000,277.132020679342,3.9820206793420425
Brighton,1677024000000,283.5919271950438,10.441927195043831
Brighton,1677034800000,282.3312707541124,9.181270754112404
Brighton,1677045600000,281.554432984405,8.404432984405048
Brighton,1677056400000,277.7071265114292,4.557126511429203
Brighton,1677067200000,282.1795520615253,9.02955206152535
Brighton,1677078000000,281.60471420636617,8.45471420636619
Brighton,1677088800000,276.4147230079043,3.2647230079043084
Brighton,1677099600000,283.0353336466567,9.885333646656704
Brighton,1677110400000,281.11684853663746,7.966848536637485
Brighton,1677121200000,281.4635997436445,8.313599743644545
Brighton,1677132000000,282.94166750694296,9.791667506942986
Brighton,1677142800000,277.35747677846615,4.207476778466173
Brighton,1677153600000,282.6223210425123,9.472321042512306
Brighton,1677164400000,282.78036180303354,9.630361803033566
Brighton,1677175200000,283.1980722067934,10.04807220679345
Brighton,1677186000000,278.5879830805383,5.437983080538345
Brighton,1677196800000,281.78258525955994,8.63258525955996
Brighton,1677207600000,278.53267045503094,5.382670455030961
Brighton,1677218400000,282.13636949369794,8.986369493697964
Brighton,1677229200000,283.24312514419995,10.093125144199973
Brighton,1677240000000,282.86178850672934,9.711788506729363
Brighton,1677250800000,281.1168266609699,7.9668266609699
Brighton,1677261600000,277.0559808587908,3.9059808587908265
Brighton,1677272400000,282.72006699423196,9.57006699423198
Brighton,1677283200000,282.4619013031404,9.311901303140417
Brighton,1677294000000,276.5550116641743,3.4050116641743102
Brighton,1677304800000,277.7044412732322,4.554441273232214
Brighton,1677315600000,276.66597598803673,3.5159759880367574
Brighton,1677326400000,281.187714761803,8.037714761803045
Brighton,1677337200000,276.6767606921598,3.526760692159826
Brighton,1677348000000,281.23201298867764,8.082012988677661
Brighton,1677358800000,277.4640659688101,4.314065968810098
Brighton,1677369600000,275.6416150395214,2.4916150395214345
Brighton,1677380400000,282.722588164922,9.572588164922024
Brighton,1677391200000,282.47398760948516,9.323987609485187
Brighton,1677402000000,282.5766610553301,9.4266610553301
Brighton,1677412800000,281.11480863063446,7.964808630634479
Bath,1676559600000,281.7251069429609,8.575106942960929
Bath,1676570400000,272.8430936979278,-0.3069063020721501
Bath,1676581200000,284.0028069215979,10.852806921597903
Bath,1676592000000,283.82357957701345,10.67357957701347
Bath,1676602800000,279.39163494979704,6.24163494979706
Bath,1676613600000,276.63832514419994,3.488325144199962
Bath,1676624400000,285.0104001709036,11.860400170903631
Bath,1676635200000,280.0053130527665,6.855313052766519
Bath,1676646000000,278.5487928220466,5.39879282204663
Bath,1676656800000,276.009487203589,2.859487203589026
Bath,1676667600000,274.99769929502247,1.847699295022494
Bath,1676678400000,283.3184102542192,10.168410254219225
Bath,1676689200000,282.7930496902371,9.643049690237149
Bath,1676700000000,280.01779312112797,6.867793121127988
Bath,1676710800000,272.4894024353771,-0.6605975646228899
Bath,1676721600000,280.33738568681906,7.187385686819084
Bath,1676732400000,277.3712037598804,4.221203759880439
Bath,1676743200000,280.11415543687247,6.964155436872488
Bath,1676754000000,279.72731706900237,6.57731706900239
Bath,1676764800000,271.33441640675073,-1.8155835932492437
Bath,1676775600000,276.7937462935271,3.6437462935271014
Bath,1676786400000,279.4384434095279,6.288443409527929
Bath,1676797200000,271.87385396282843,-1.276146037171543
Bath,1676808000000,273.1975232642598,0.047523264259837106
Bath,1676818800000,272.123493612476,-1.0265063875239662
Bath,1676829600000,279.0472189703055,5.8972189703055165
Bath,1676840400000,283.695120187994,10.54512018799403
Bath,1676851200000,277.8278200384533,4.677820038453319
Bath,1676862000000,285.0311711172826,11.881171117282634
Bath,1676872800000,283.3382897671438,10.188289767143829
Bath,1676883600000,283.15008246101263,10.000082461012653
Bath,1676894400000,280.5096182866909,7.359618286690932
Bath,1676905200000,276.6908978423414,3.540897842341451
Bath,1676916000000,278.6917612475967,5.541761247596696
Bath,1676926800000,274.2296610126042,1.0796610126042196
Bath,1676937600000,276.7163283059176,3.5663283059176365
Bath,1676948400000,281.26261704763937,8.11261704763939
Bath,1676959200000,283.4478649861141,10.29786498611412
Bath,1676970000000,272.67654877163,-0.47345122836998144
Bath,1676980800000,274.3679152317881,1.2179152317881403
Bath,1676991600000,275.0700968169195,1.9200968169195107
Bath,1677002400000,280.0959384746849,6.945938474684908
Bath,1677013200000,279.3300658833583,6.180065883358338
Bath,1677024000000,281.56108865627004,8.411088656270067
Bath,1677034800000,275.8485752616963,2.6985752616963055
Bath,1677045600000,275.23133142490923,2.0813314249092514
Bath,1677056400000,282.216226618244,9.066226618244002
Bath,1677067200000,281.6553946592609,8.5053946592609
Bath,1677078000000,274.297453706473,1.1474537064730157
Bath,1677088800000,282.1764839991455,9.026483999145512
Bath,1677099600000,282.8678972869045,9.717897286904531
Bath,1677110400000,284.7939076265755,11.643907626575526
Bath,1677121200000,271.6748674214912,-1.4751325785088056
Bath,1677132000000,285.4289090365306,12.27890903653065
Bath,1677142800000,272.25218269600515,-0.8978173039948274
Bath,1677153600000,281.23092467421486,8.080924674214884
Bath,1677164400000,273.2527210425123,0.1027210425123144
Bath,1677175200000,282.626253193762,9.476253193762034
Bath,1677186000000,283.3551887203589,10.205188720358933
Bath,1677196800000,283.9788038453322,10.828803845332232
Bath,1677207600000,283.8183403546251,10.668340354625116
Bath,1677218400000,283.34555248878445,10.195552488784472
Bath,1677229200000,283.05276855372784,9.902768553727867
Bath,1677240000000,279.9628414441359,6.812841444135927
Bath,1677250800000,282.45884417859435,9.30884417859437
Bath,1677261600000,280.1530449049349,7.003044904934939
Bath,1677272400000,279.4512570818202,6.301257081820211
Bath,1677283200000,275.1164677632985,1.9664677632985104
Bath,1677294000000,283.6356238410596,10.485623841059635
Bath,1677304800000,280.8982012390515,7.748201239051525
Bath,1677315600000,276.809420209357,3.6594202093569947
Bath,1677326400000,274.8756877590259,1.7256877590259023
Bath,1677337200000,283.35470198675495,10.20470198675497
Bath,1677348000000,281.380012817774,8.230012817774025
Bath,1677358800000,275.0489649220252,1.8989649220252431
Bath,1677369600000,279.5851416364025,6.435141636402534
Bath,1677380400000,282.6742155949583,9.52421559495832
Bath,1677391200000,275.7435501815852,2.593550181585215
Bath,1677402000000,282.1197658619953,8.969765861995313
Bath,1677412800000,278.9367851313822,5.786785131382203
Sunderland,1676559600000,276.1573284340953,3.0073284340953137
Sunderland,1676570400000,277.1772431531724,4.027243153172435
Sunderland,1676581200000,276.30526263618884,3.1552626361888656
Sunderland,1676592000000,282.3754431958983,9.225443195898322
Sunderland,1676602800000,276.5672675069429,3.417267506942949
Sunderland,1676613600000,277.4662261909848,4.316226190984821
Sunderland,1676624400000,283.86039632557146,10.71039632557148
Sunderland,1676635200000,277.6015271950438,4.451527195043809
Sunderland,1676646000000,277.160415295877,4.01041529587701
Sunderland,1676656800000,282.17915283059176,9.029152830591784
Sunderland,1676667600000,282.4787346293527,9.32873462935271
Sunderland,1676678400000,284.29273608203374,11.142736082033764
Sunderland,1676689200000,277.7361445844905,4.586144584490512
Sunderland,1676700000000,277.13154488357185,3.981544883571871
Sunderland,1676710800000,284.34064379406107,11.190643794061089
Sunderland,1676721600000,285.38580850245677,12.235808502456791
Sunderland,1676732400000,281.60304071779535,8.453040717795375
Sunderland,1676743200000,277.7732347788934,4.623234778893448
Sunderland,1676754000000,280.9478535355693,7.797853535569345
Sunderland,1676764800000,277.3000914334544,4.150091433454406
Sunderland,1676775600000,282.3923202734458,9.242320273445841
Sunderland,1676786400000,282.95051074556716,9.80051074556718
Sunderland,1676797200000,281.73083836787004,8.580838367870058
Sunderland,1676808000000,277.89384627216407,4.743846272164092
Sunderland,1676818800000,279.35721358684043,6.207213586840453
Sunderland,1676829600000,279.7162206366161,6.5662206366160945
Sunderland,1676840400000,278.9415157444991,5.791515744499122
Sunderland,1676851200000,282.43023627430034,9.280236274300364
Sunderland,1676862000000,280.44005366374705,7.290053663747074
Sunderland,1676872800000,279.29754770348217,6.147547703482189
Sunderland,1676883600000,278.0881732963042,4.938173296304228
Sunderland,1676894400000,282.583103439436,9.433103439436024
Sunderland,1676905200000,281.5476843409528,8.397684340952821
Sunderland,1676916000000,283.75020858790856,10.600208587908583
Sunderland,1676926800000,280.0362233710745,6.88622337107455
Sunderland,1676937600000,277.22351565904717,4.073515659047189
Sunderland,1676948400000,284.11709087801745,10.967090878017473
Sunderland,1676959200000,284.13574535355696,10.985745353556979
Sunderland,1676970000000,278.3031181371502,5.153118137150216
Sunderland,1676980800000,281.189486690878,8.03948669087805
Sunderland,1676991600000,276.71843383892326,3.5684338389232835
Sunderland,1677002400000,278.01071702627644,4.860717026276461
Sunderland,1677013200000,278.4852057252724,5.335205725272431
Sunderland,1677024000000,284.7550947233497,11.605094723349737
Sunderland,1677034800000,276.9047160863064,3.7547160863064164
Sunderland,1677045600000,276.19806639606924,3.0480663960692596
Sunderland,1677056400000,282.40490425122834,9.254904251228368
Sunderland,1677067200000,276.5032374279,3.3532374279000123
Sunderland,1677078000000,278.2548932279428,5.104893227942796
Sunderland,1677088800000,282.9836961333049,9.833696133304898
Sunderland,1677099600000,277.31854355906853,4.168543559068553
Sunderland,1677110400000,279.03065908993807,5.880659089938092
Sunderland,1677121200000,284.44034761803033,11.290347618030353
Sunderland,1677132000000,283.09993796197386,9.949937961973887
Sunderland,1677142800000,282.40996299935915,9.259962999359175
Sunderland,1677153600000,277.9960548600726,4.846054860072627
Sunderland,1677164400000,277.76282196111947,4.612821961119494
Sunderland,1677175200000,276.654797521897,3.5047975218970464
Sunderland,1677186000000,277.58630173039955,4.4363017303995775
Sunderland,1677196800000,283.1365632984405,9.986563298440501
Sunderland,1677207600000,281.7940699850459,8.644069985045917
Sunderland,1677218400000,284.4592810083315,11.309281008331538
Sunderland,1677229200000,275.7985565477463,2.6485565477462956
Sunderland,1677240000000,283.1692674214911,10.019267421491122
Sunderland,1677250800000,283.71802948088015,10.56802948088017
Sunderland,1677261600000,279.1149788506729,5.964978850672935
Sunderland,1677272400000,282.2754167058321,9.125416705832095
Sunderland,1677283200000,281.2170773766289,8.067077376628902
Sunderland,1677294000000,280.5077752616962,7.357775261696247
Sunderland,1677304800000,282.1695494125187,9.0195494125187
Sunderland,1677315600000,282.33420209356973,9.184202093569752
Sunderland,1677326400000,276.9233268105106,3.773326810510639
Sunderland,1677337200000,275.94055150608847,2.790551506088491
Sunderland,1677348000000,279.2234766930143,6.0734766930143
Sunderland,1677358800000,282.93345319376203,9.783453193762057
Sunderland,1677369600000,279.9070202093569,6.757020209356938
Sunderland,1677380400000,282.5484961333048,9.398496133304832
Sunderland,1677391200000,277.3218413159581,4.171841315958147
Sunderland,1677402000000,278.8806138859218,5.730613885921798
Sunderland,1677412800000,276.20906438795134,3.0590643879513664
Blackburn,1676559600000,275.70871864986117,2.5587186498611914
Blackburn,1676570400000,275.99846186712244,2.8484618671224666
Blackburn,1676581200000,281.8690160222175,8.719016022217545
Blackburn,1676592000000,274.46631745353557,1.3163174535355893
Blackburn,1676602800000,275.7457432172613,2.5957432172613153
Blackburn,1676613600000,281.43374492629783,8.283744926297857
Blackburn,1676624400000,277.64501602221753,4.4950160222175555
Blackburn,1676635200000,279.9941345866268,6.844134586626808
Blackburn,1676646000000,274.1866643879513,1.0366643879513049
Blackburn,1676656800000,277.0615646229438,3.9115646229438426
Blackburn,1676667600000,281.0992386242256,7.949238624225643
Blackburn,1676678400000,279.7280991241188,6.578099124118808
Blackburn,1676689200000,277.7450151676992,4.595015167699216
Blackburn,1676700000000,276.2571963255715,3.107196325571522
Blackburn,1676710800000,275.6389352702414,2.488935270241427
Blackburn,1676721600000,273.22662337107454,0.07662337107456096
Blackburn,1676732400000,275.3264960478531,2.1764960478531066
Blackburn,1676743200000,277.918215765862,4.76821576586201
Blackburn,1676754000000,277.0496970732749,3.899697073274922
Blackburn,1676764800000,283.89896859645376,10.748968596453778
Blackburn,1676775600000,274.52699508651995,1.376995086519969
Blackburn,1676786400000,279.8186096987823,6.6686096987823476
Blackburn,1676797200000,274.63495150608844,1.4849515060884642
Blackburn,1676808000000,283.3308301644948,10.180830164494807
Blackburn,1676818800000,274.1871839350566,1.037183935056646
Blackburn,1676829600000,275.3202341380047,2.17023413800473
Blackburn,1676840400000,275.3965802179022,2.246580217902249
Blackburn,1676851200000,282.7422926725059,9.592292672505948
Blackburn,1676862000000,278.4682247383038,5.3182247383037975
Blackburn,1676872800000,275.66707284768216,2.5170728476821864
Blackburn,1676883600000,278.46163469344157,5.31163469344159
Blackburn,1676894400000,274.42836317026274,1.2783631702627645
Blackburn,1676905200000,282.383777825251,9.233777825251025
Blackburn,1676916000000,281.0528895535142,7.902889553514228
Blackburn,1676926800000,282.8207169408247,9.670716940824718
Blackburn,1676937600000,278.4556462294382,5.305646229438196
Blackburn,1676948400000,274.9438085879086,1.793808587908643
Blackburn,1676959200000,278.8865695364239,5.736569536423929
Blackburn,1676970000000,282.0921478316599,8.942147831659895
Blackburn,1676980800000,277.5704746848964,4.420474684896419
Blackburn,1676991600000,279.91204614398634,6.7620461439863675
Blackburn,1677002400000,275.280775902585,2.1307759025850146
Blackburn,1677013200000,276.0345020294809,2.8845020294809274
Blackburn,1677024000000,277.96101004058966,4.811010040589679
Blackburn,1677034800000,282.13587182226024,8.985871822260265
Blackburn,1677045600000,274.7826396069216,1.6326396069216003
Blackburn,1677056400000,275.37071224097417,2.220712240974194
Blackburn,1677067200000,277.27184447767576,4.121844477675779
Blackburn,1677078000000,276.1402982268746,2.9902982268746428
Blackburn,1677088800000,274.5913368938261,1.4413368938261328
Blackburn,1677099600000,280.2636701559496,7.113670155949649
Blackburn,1677110400000,276.0301268959624,2.8801268959624053
Blackburn,1677121200000,279.4460944242684,6.296094424268404
Blackburn,1677132000000,279.6316821192053,6.481682119205345
Blackburn,1677142800000,279.8507942747276,6.7007942747276275
Blackburn,1677153600000,275.4657346720786,2.3157346720786336
Blackburn,1677164400000,274.2882495193335,1.138249519333499
Blackburn,1677175200000,278.66743003631706,5.51743003631708
Blackburn,1677186000000,275.42143644520405,2.271436445204074
Blackburn,1677196800000,279.44724289681693,6.297242896816954
Blackburn,1677207600000,283.48983892330705,10.33983892330707
Blackburn,1677218400000,276.40606024353775,3.2560602435377746
Blackburn,1677229200000,277.8459713736382,4.695971373638201
Blackburn,1677240000000,281.9698628498184,8.819862849818435
Blackburn,1677250800000,275.3795718863491,2.229571886349106
Blackburn,1677261600000,274.8443563341167,1.6943563341167192
Blackburn,1677272400000,274.1401785943175,0.9901785943175128
Blackburn,1677283200000,276.8451048921171,3.695104892117115
Blackburn,1677294000000,275.47511386455886,2.3251138645588867
Blackburn,1677304800000,276.5985114291818,3.448511429181849
Blackburn,1677315600000,281.9411783806879,8.791178380687938
Blackburn,1677326400000,275.7173595385602,2.567359538560197
Blackburn,1677337200000,275.0783712881863,1.9283712881863266
Blackburn,1677348000000,282.4078957487717,9.257895748771716
Blackburn,1677358800000,273.58565776543475,0.43565776543476886
Blackburn,1677369600000,281.9549600512711,8.80496005127111
Blackburn,1677380400000,276.0603426618244,2.9103426618244157
Blackburn,1677391200000,274.5775825678274,1.4275825678274146
Blackburn,1677402000000,279.9298201239052,6.7798201239052105
Blackburn,1677412800000,280.5807306131168,7.43073061311685
Luton,1676559600000,280.52945951719715,7.379459517197176
Luton,1676570400000,276.5230677205725,3.3730677205725215
Luton,1676581200000,280.79401837214266,7.644018372142682
Luton,1676592000000,284.74394360179446,11.593943601794479
Luton,1676602800000,276.75987182226015,3.6098718222601747
Luton,1676613600000,279.11027558214056,5.960275582140582
Luton,1676624400000,275.12152104251226,1.971521042512279
Luton,1676635200000,283.74272164067503,10.592721640675052
Luton,1676646000000,279.166605426191,6.016605426191006
Luton,1676656800000,283.6394958342234,10.489495834223419
Luton,1676667600000,274.9374919888913,1.7874919888913041
Luton,1676678400000,286.9760820337535,13.82608203375355
Luton,1676689200000,276.90548173467204,3.7554817346720597
Luton,1676700000000,280.19749626148257,7.047496261482593
Luton,1676710800000,277.2941850032044,4.144185003204427
Luton,1676721600000,276.5442597735526,3.394259773552619
Luton,1676732400000,286.4492886135441,13.29928861354415
Luton,1676743200000,280.7443879512924,7.594387951292447
Luton,1676754000000,279.6236701559495,6.473670155949549
Luton,1676764800000,284.4689938047425,11.318993804742547
Luton,1676775600000,286.2611578722495,13.111157872249521
Luton,1676786400000,276.5970348216193,3.4470348216192974
Luton,1676797200000,278.01799615466774,4.867996154667765
Luton,1676808000000,282.12036744285405,8.97036744285407
Luton,1676818800000,283.82475539414656,10.674755394146587
Luton,1676829600000,275.5196581926939,2.369658192693919
Luton,1676840400000,276.5185558641316,3.368555864131622
Luton,1676851200000,277.34996795556503,4.199967955565057
Luton,1676862000000,282.82585772270886,9.675857722708884
Luton,1676872800000,281.4181585131382,8.268158513138246
Luton,1676883600000,280.1998205511643,7.049820551164316
Luton,1676894400000,282.7197607348857,9.569760734885733
Luton,1676905200000,284.7174193548386,11.567419354838648
Luton,1676916000000,278.2289596240119,5.0789596240119295
Luton,1676926800000,284.3549668874172,11.204966887417243
Luton,1676937600000,275.43940183721423,2.289401837214257
Luton,1676948400000,286.17529587694935,13.025295876949372
Luton,1676959200000,283.8737022003845,10.723702200384537
Luton,1676970000000,283.0530912198248,9.90309121982483
Luton,1676980800000,278.42556718649854,5.275567186498563
Luton,1676991600000,276.00297372356334,2.852973723563366
Luton,1677002400000,284.8556462294381,11.705646229438116
Luton,1677013200000,285.15643665883357,12.006436658833593
Luton,1677024000000,281.7162144840846,8.56621448408464
Luton,1677034800000,279.081700491348,5.9317004913480105
Luton,1677045600000,284.65507370220035,11.505073702200377
Luton,1677056400000,282.1843537705618,9.034353770561836
Luton,1677067200000,275.53305703909416,2.383057039094183
Luton,1677078000000,283.17436445204015,10.024364452040174
Luton,1677088800000,284.8957060457167,11.745706045716702
Luton,1677099600000,280.41037385174104,7.260373851741065
Luton,1677110400000,284.1806451612903,11.030645161290295
Luton,1677121200000,285.87204443494977,12.722044434949794
Luton,1677132000000,281.05939756462294,7.909397564622964
Luton,1677142800000,281.3960093997009,8.246009399700938
Luton,1677153600000,284.6962273018586,11.546227301858607
Luton,1677164400000,281.2313950010681,8.081395001068131
Luton,1677175200000,285.0089126255073,11.858912625507344
Luton,1677186000000,276.13313394573805,2.983133945738075
Luton,1677196800000,285.0216278572954,11.871627857295437
Luton,1677207600000,286.73886776329846,13.588867763298481
Luton,1677218400000,278.06899380474255,4.91899380474257
Luton,1677229200000,282.9133603930784,9.763360393078415
Luton,1677240000000,284.482119205298,11.332119205298
Luton,1677250800000,274.9925913266396,1.8425913266396492
Luton,1677261600000,277.8428540910062,4.692854091006211
Luton,1677272400000,279.6264046143986,6.476404614398632
Luton,1677283200000,281.5328690450758,8.382869045075836
Luton,1677294000000,283.9813031403546,10.831303140354635
Luton,1677304800000,282.8072634052553,9.657263405255321
Luton,1677315600000,275.91205298013244,2.7620529801324665
Luton,1677326400000,284.5847981200598,11.434798120059838
Luton,1677337200000,275.48520401623585,2.3352040162358776
Luton,1677348000000,277.3919418927579,4.24194189275795
Luton,1677358800000,284.5276479384746,11.377647938474638
Luton,1677369600000,276.2730014954069,3.1230014954069247
Luton,1677380400000,283.34007263405255,10.19007263405257
Luton,1677391200000,274.9102841273232,1.7602841273232457
Luton,1677402000000,280.2733774834437,7.123377483443733
Luton,1677412800000,287.8762657551805,14.72626575518052
Dundee,1676559600000,281.898559111301,8.748559111301006
Dundee,1676570400000,282.9721020294809,9.822102029480902
Dundee,1676581200000,274.8225353556932,1.6725353556932419
Dundee,1676592000000,274.45811407818843,1.3081140781884528
Dundee,1676602800000,275.41142832728053,2.261428327280555
Dundee,1676613600000,280.7744396496475,7.624439649647513
Dundee,1676624400000,278.07204546037167,4.922045460371692
Dundee,1676635200000,283.51678974578084,10.366789745780864
Dundee,1676646000000,277.4936309335612,4.343630933561201
Dundee,1676656800000,282.0761129673147,8.926112967314737
Dundee,1676667600000,275.7642883144627,2.6142883144627262
Dundee,1676678400000,278.4613229651784,5.3113229651784195
Dundee,1676689200000,282.5328440931425,9.382844093142523
Dundee,1676700000000,275.2896902371288,2.139690237128832
Dundee,1676710800000,282.77145840632346,9.621458406323484
Dundee,1676721600000,279.53212595599234,6.382125955992365
Dundee,1676732400000,277.3591229224524,4.209122922452423
Dundee,1676743200000,279.9891688100833,6.839168810083322
Dundee,1676754000000,276.0299573595385,2.879957359538537
Dundee,1676764800000,275.21515436872465,2.065154368724677
Dundee,1676775600000,274.9917381756036,1.8417381756036093
Dundee,1676786400000,275.7919008758812,2.6419008758812197
Dundee,1676797200000,275.49986071352276,2.349860713522787
Dundee,1676808000000,278.78646101260415,5.6364610126041725
Dundee,1676818800000,273.88465439008763,0.7346543900876554
Dundee,1676829600000,276.0735008758812,2.9235008758812455
Dundee,1676840400000,274.5286849818415,1.3786849818415021
Dundee,1676851200000,275.68232565691096,2.5323256569109844
Dundee,1676862000000,275.1452506729332,1.9952506729331958
Dundee,1676872800000,274.3988528946806,1.248852894680624
Dundee,1676883600000,279.830810852382,6.680810852382024
Dundee,1676894400000,274.78536312753687,1.6353631275368912
Dundee,1676905200000,280.76113377483443,7.611133774834457
Dundee,1676916000000,278.23629344157234,5.086293441572366
Dundee,1676926800000,280.70857748344366,7.558577483443685
Dundee,1676937600000,273.7372178594318,0.5872178594318029
Dundee,1676948400000,280.4977288613544,7.347728861354426
Dundee,1676959200000,281.97240589617604,8.822405896176065
Dundee,1676970000000,281.2603474471267,8.110347447126742
Dundee,1676980800000,273.694910318308,0.544910318308041
Dundee,1676991600000,283.8970325998718,10.74703259987183
Dundee,1677002400000,276.0658170476394,2.9158170476394503
Dundee,1677013200000,274.02656184575943,0.8765618457594542
Dundee,1677024000000,278.15064473403123,5.000644734031255
Dundee,1677034800000,283.4015596667379,10.251559666737933
Dundee,1677045600000,275.0487297585986,1.8987297585986198
Dundee,1677056400000,276.14452023071993,2.9945202307199565
Dundee,1677067200000,275.34796154667805,2.197961546678073
Dundee,1677078000000,273.68488579363384,0.5348857936338618
Dundee,1677088800000,282.6034204657124,9.45342046571244
Dundee,1677099600000,274.2236287972656,1.0736287972655987
Dundee,1677110400000,283.1056967314677,9.955696731467697
Dundee,1677121200000,275.87227207861565,2.722272078615674
Dundee,1677132000000,274.5138259346294,1.3638259346294035
Dundee,1677142800000,273.3656651142918,0.21566511429182356
Dundee,1677153600000,274.03749967955565,0.887499679555674
Dundee,1677164400000,275.2717193762017,2.1217193762017246
Dundee,1677175200000,276.518747276223,3.3687472762230186
Dundee,1677186000000,273.34919820551164,0.19919820551166367
Dundee,1677196800000,276.74631984618674,3.596319846186759
Dundee,1677207600000,282.4557323648793,9.305732364879304
Dundee,1677218400000,278.708862550737,5.558862550737047
Dundee,1677229200000,282.8789007477035,9.728900747703506
Dundee,1677240000000,280.3672240974151,7.217224097415112
Dundee,1677250800000,279.4229663747063,6.2729663747063
Dundee,1677261600000,281.96319624011966,8.81319624011968
Dundee,1677272400000,280.0263136936552,6.87631369365522
Dundee,1677283200000,275.1923927365948,2.0423927365948202
Dundee,1677294000000,280.17527605212564,7.025276052125662
Dundee,1677304800000,273.38773766289245,0.23773766289247078
Dundee,1677315600000,273.6712681905576,0.5212681905576346
Dundee,1677326400000,273.54207596667374,0.3920759666737581
Dundee,1677337200000,280.7454707968383,7.595470796838299
Dundee,1677348000000,275.8041129673147,2.654112967314745
Dundee,1677358800000,280.82869677419353,7.678696774193554
Dundee,1677369600000,278.28260969878227,5.132609698782289
Dundee,1677380400000,283.15908429822684,10.009084298226867
Dundee,1677391200000,282.4057081820124,9.255708182012427
Dundee,1677402000000,274.9281237342448,1.7781237342448435
Dundee,1677412800000,275.5213973082675,2.3713973082675466
Bolton,1676559600000,281.36694210638757,8.216942106387592
Bolton,1676570400000,283.79452869045076,10.644528690450784
Bolton,1676581200000,275.68423977782527,2.5342397778252916
Bolton,1676592000000,280.87796624652856,7.727966246528581
Bolton,1676602800000,284.21565716727196,11.06565716727198
Bolton,1676613600000,282.99329955137796,9.843299551377982
Bolton,1676624400000,284.11378765221104,10.963787652211067
Bolton,1676635200000,273.7489432172613,0.5989432172613078
Bolton,1676646000000,280.1096654560991,6.959665456099117
Bolton,1676656800000,283.6381887630848,10.48818876308485
Bolton,1676667600000,283.53971544541764,10.389715445417664
Bolton,1676678400000,275.18862465285196,2.038624652851979
Bolton,1676689200000,283.31966263618887,10.169662636188889
Bolton,1676700000000,279.0642491775262,5.914249177526244
Bolton,1676710800000,281.0933267250588,7.943326725058796
Bolton,1676721600000,286.09583251442007,12.94583251442009
Bolton,1676732400000,285.0000146977142,11.850014697714244
Bolton,1676743200000,278.6590790002137,5.509079000213717
Bolton,1676754000000,276.8223268532365,3.672326853236541
Bolton,1676764800000,283.2704041016877,10.120404101687711
Bolton,1676775600000,283.1892399060031,10.039239906003104
Bolton,1676786400000,284.84547404400774,11.695474044007767
Bolton,1676797200000,275.8958102969451,2.7458102969451375
Bolton,1676808000000,277.69052834864345,4.540528348643477
Bolton,1676818800000,284.8285039948729,11.678503994872926
Bolton,1676829600000,278.47741798760956,5.327417987609579
Bolton,1676840400000,276.81920410168766,3.669204101687683
Bolton,1676851200000,275.7881109164709,2.6381109164709073
Bolton,1676862000000,284.04264251228375,10.892642512283771
Bolton,1676872800000,284.526023670156,11.37602367015603
Bolton,1676883600000,281.25592309335616,8.105923093356182
Bolton,1676894400000,281.42264302499467,8.272643024994693
Bolton,1676905200000,282.6784977568896,9.528497756889635
Bolton,1676916000000,274.08638632770777,0.936386327707794
Bolton,1676926800000,275.05088451185645,1.900884511856475
Bolton,1676937600000,281.4965991882077,8.346599188207733
Bolton,1676948400000,280.6980552873317,7.548055287331749
Bolton,1676959200000,273.91841401409954,0.7684140140995623
Bolton,1676970000000,277.3479389873959,4.197938987395901
Bolton,1676980800000,282.0838842982269,8.933884298226928
Bolton,1676991600000,275.11327391583,1.9632739158300296
Bolton,1677002400000,275.0770149967956,1.9270149967956058
Bolton,1677013200000,276.166899038667,3.0168990386670202
Bolton,1677024000000,276.58994710531937,3.4399471053193906
Bolton,1677034800000,280.1216751976074,6.9716751976073965
Bolton,1677045600000,274.4367415509507,1.286741550950751
Bolton,1677056400000,275.72515274513995,2.575152745139974
Bolton,1677067200000,276.9894132023072,3.8394132023072416
Bolton,1677078000000,284.9607041230506,11.810704123050641
Bolton,1677088800000,283.5863488998077,10.43634889980774
Bolton,1677099600000,282.99781140781886,9.847811407818881
Bolton,1677110400000,283.39698765221107,10.24698765221109
Bolton,1677121200000,284.0198754112369,10.869875411236933
Bolton,1677132000000,281.2683922238838,8.118392223883802
Bolton,1677142800000,281.9389634693442,8.788963469344196
Bolton,1677153600000,282.0216370860927,8.871637086092733
Bolton,1677164400000,278.814538431959,5.664538431959045
Bolton,1677175200000,281.02730596026487,7.877305960264891
Bolton,1677186000000,280.14261021149326,6.992610211493286
Bolton,1677196800000,274.80022764366595,1.6502276436659713
Bolton,1677207600000,276.4232326425977,3.2732326425977476
Bolton,1677218400000,284.4309410809656,11.280941080965647
Bolton,1677229200000,283.6503352275155,10.500335227515507
Bolton,1677240000000,282.9278967741936,9.777896774193607
Bolton,1677250800000,278.03724674214914,4.887246742149159
Bolton,1677261600000,282.90955402691736,9.759554026917385
Bolton,1677272400000,274.71722589190347,1.5672258919034903
Bolton,1677283200000,283.25740448622093,10.107404486220958
Bolton,1677294000000,283.1090929288614,9.959092928861423
Bolton,1677304800000,281.0508715231788,7.900871523178807
Bolton,1677315600000,276.4421824396497,3.2921824396497072
Bolton,1677326400000,284.2154657551805,11.065465755180526
Bolton,1677337200000,274.3386674642171,1.1886674642171329
Bolton,1677348000000,276.23613552659685,3.086135526596877
Bolton,1677358800000,284.21861038239695,11.068610382396969
Bolton,1677369600000,276.19307874385817,3.0430787438581888
Bolton,1677380400000,281.14740337534715,7.997403375347176
Bolton,1677391200000,276.5444129032258,3.3944129032258274
Bolton,1677402000000,275.6541552659688,2.5041552659688477
Bolton,1677412800000,277.3639136936552,4.213913693655229
